Response Model,Method,Average Time,Time Std,ADT (min),SDDT (min),TDT (min),APDT (%),SR (%)
Bounded,Naive,24.780636722599663,9.249008775899577,0.34899000701048105,2.4519955974967624,348.99000701048107,1.835250630032025,2.1
Perfect,Naive,25.533204470862803,9.781138359505698,1.1015577552736169,2.1822344262867905,1101.557755273617,4.146830128284062,60.4
Bounded,Random,25.331553267313858,8.774902892831483,0.8999065517246779,2.771074225733785,899.9065517246779,5.84358255046541,11.600000000000001
Perfect,Random,26.519915742402766,9.888306966182327,2.088269026813584,3.7317906046647686,2088.2690268135843,8.976398698565774,62.1
Bounded,WGAN,25.172277863095903,9.28154663017567,0.7406311475067215,3.259109170664144,740.6311475067215,3.9516305041729245,14.299999999999999
Perfect,WGAN,25.992244842351777,9.438787813849904,1.5605981267625921,2.467516145233744,1560.598126762592,6.916302534020162,71.89999999999999
